id;name;keywords;description;rating;date_added;date_modified
1;Berkshire Automotive;Forest;integrated;64866;2022-07-28;2022-07-27
2;Director;Assurance Corporate Savings;Dobra;72936;2022-07-28;2022-07-28
3;Loan Manager Central;robust feed;green Borders;12079;2022-07-28;2022-07-28
4;Security Global online;Technician interactive Granite;Account;77650;2022-07-28;2022-07-28
5;invoice content facilitate;whiteboard stable;overriding teal Account;66654;2022-07-27;2022-07-27
6;Washington bypass infrastructure;Gorgeous generate;Towels;71082;2022-07-28;2022-07-27
7;system Lead bypassing;Future;reintermediate transmit scalable;98481;2022-07-28;2022-07-27
8;Functionality;program Avon;Director;54406;2022-07-28;2022-07-27
9;salmon;capacitor navigate sensor;Czech Interactions Officer;20545;2022-07-27;2022-07-27
10;bypass;alarm;override Tuna;80371;2022-07-27;2022-07-28
