id;description;sort_order;date_added;date_modified;status
1;Table;31264;2022-07-27;2022-07-28;DISABLED
2;Integration;82897;2022-07-28;2022-07-27;DISABLED
3;HTTP Checking;90596;2022-07-27;2022-07-27;DISABLED
4;Berkshire Planner enterprise;13053;2022-07-28;2022-07-28;DISABLED
5;Soap Salad killer;19780;2022-07-28;2022-07-28;RESTRICTED
6;Washington;94420;2022-07-28;2022-07-27;AVAILABLE
7;Designer array;15061;2022-07-27;2022-07-28;RESTRICTED
8;Loan Music;61498;2022-07-27;2022-07-28;RESTRICTED
9;Account Front-line plug-and-play;23683;2022-07-27;2022-07-28;DISABLED
10;Rubber;66292;2022-07-27;2022-07-27;DISABLED
